demo_idx,pmid,gold,choice_cd,pred_hybrid_r2,pred_r3_secondary_AND,pred_r3_reports_alone,pred_r3_exp_0.5,pred_r3_full_0.5,pred_r3_ship,pred_aggressive_r2,pred,correct,has_random_allocation,parallel_intervention_arms,is_cluster_random,is_secondary_or_nested_only,is_protocol_or_single_arm,parent_study_was_rct,reports_or_reanalyzes_an_rct,experimental_allocation_implied,is_review_or_meta,latency_ms_new,title
0,26155920,non_RCT,non_RCT,non_RCT,non_RCT,non_RCT,non_RCT,non_RCT,non_RCT,non_RCT,non_RCT,True,0.02,0.03,0.01,0.88,0.46,0.03,0.06,0.3,0.02,590.7704248093069,Insulin resistance in obesity can be reliably identified from fasting plasma insulin.
1,31307548,non_RCT,non_RCT,non_RCT,non_RCT,non_RCT,non_RCT,non_RCT,non_RCT,non_RCT,non_RCT,True,0.02,0.03,0.03,0.65,0.05,0.03,0.03,0.07,0.97,525.4110440146178,Impaired dendritic cell functions in lung cancer: a review of recent advances and future perspectives.
2,26587195,non_RCT,non_RCT,non_RCT,non_RCT,non_RCT,non_RCT,non_RCT,non_RCT,non_RCT,non_RCT,True,0.01,0.01,0.01,0.2,0.07,0.01,0.01,0.02,0.02,443.56307899579406,Low Grade Myofibroblastic Sarcoma Occurred in the Scalp.
3,21273894,non_RCT,non_RCT,non_RCT,non_RCT,non_RCT,non_RCT,non_RCT,non_RCT,non_RCT,non_RCT,True,0.01,0.02,0.01,0.6,0.06,0.02,0.03,0.02,0.02,505.8419071137905,Survey results of pain treatments in adults with cerebral palsy.
4,33392552,non_RCT,non_RCT,non_RCT,non_RCT,non_RCT,non_RCT,non_RCT,non_RCT,non_RCT,non_RCT,True,0.01,0.03,0.01,0.47,0.92,0.02,0.02,0.02,0.02,602.8321229387075,Opioid ordering habits in the acute emergency department visit: Before and after implementation of departmental prescribing guidelines.
5,24772504,RCT,RCT,RCT,RCT,RCT,RCT,RCT,RCT,RCT,RCT,True,0.85,0.87,0.18,0.25,0.09,0.67,0.69,0.93,0.02,626.3375449925661,[Patient compliance as one of the factors determining the efficiency of eradication therapy].
6,32816829,RCT,RCT,RCT,RCT,RCT,RCT,RCT,RCT,RCT,RCT,True,0.95,0.48,0.05,0.97,0.45,0.98,0.98,0.92,0.02,582.278149202466,Adherence to early pulmonary rehabilitation after COPD exacerbation and risk of hospital readmission: a secondary analysis of the COPD-EXA-REHAB study.
7,28623977,non_RCT,non_RCT,non_RCT,non_RCT,non_RCT,non_RCT,non_RCT,non_RCT,non_RCT,non_RCT,True,0.01,0.02,0.01,0.21,0.06,0.01,0.01,0.04,0.02,493.2562760077417,"Loss of selenocysteine insertion sequence binding protein 2 suppresses the proliferation, migration/invasion and hormone secretion of human trophoblast cells via the PI3K/Akt and ERK signaling pathway."
8,27774458,RCT,non_RCT,RCT,RCT,RCT,RCT,RCT,RCT,RCT,RCT,True,0.04,0.92,0.05,0.09,0.08,0.12,0.46,0.93,0.02,527.5830628816038,Short-Term High-Intensity Interval Training on Body Composition and Blood Glucose in Overweight and Obese Young Women.
9,24793999,non_RCT,non_RCT,non_RCT,non_RCT,non_RCT,non_RCT,non_RCT,non_RCT,non_RCT,non_RCT,True,0.02,0.02,0.01,0.86,0.2,0.02,0.02,0.02,0.02,546.6749351471663,The miR(21/10b) ratio as a prognostic marker in clear cell renal cell carcinoma.
10,22659533,RCT,RCT,RCT,RCT,RCT,RCT,RCT,RCT,RCT,RCT,True,0.99,0.99,0.03,0.04,0.02,0.94,0.93,0.99,0.02,491.4047240745276,"Double-dose pravastatin versus add-on ezetimibe with low-dose pravastatin - effects on LDL cholesterol, cholesterol absorption, and cholesterol synthesis in Japanese patients with hypercholesterolemia (PEAS study)."
11,30832942,non_RCT,non_RCT,non_RCT,non_RCT,non_RCT,non_RCT,non_RCT,non_RCT,non_RCT,non_RCT,True,0.01,0.03,0.02,0.45,0.22,0.02,0.03,0.05,0.87,541.6318268980831,Percutaneous Coronary Intervention for the Treatment of Spontaneous Coronary Artery Dissection.
12,23845236,non_RCT,non_RCT,non_RCT,non_RCT,non_RCT,non_RCT,non_RCT,non_RCT,non_RCT,non_RCT,True,0.01,0.02,0.01,0.95,0.21,0.02,0.03,0.02,0.02,477.6437929831445,A computational linguistic measure of clustering behavior on semantic verbal fluency task predicts risk of future dementia in the nun study.
13,25034105,non_RCT,non_RCT,non_RCT,non_RCT,non_RCT,non_RCT,non_RCT,non_RCT,non_RCT,non_RCT,True,0.02,0.03,0.02,0.57,0.16,0.02,0.02,0.37,0.96,538.5416140779853,Recent progress in developing small molecule inhibitors designed to interfere with ras membrane association: toward inhibiting K-Ras and N-Ras functions.
14,29304543,non_RCT,non_RCT,non_RCT,non_RCT,non_RCT,non_RCT,non_RCT,non_RCT,non_RCT,non_RCT,True,0.01,0.05,0.02,0.34,0.91,0.02,0.02,0.05,0.02,451.55549701303244,Standardizing Second-Trimester Medical Termination: Effects on Clinical Outcomes.
15,23614672,non_RCT,non_RCT,non_RCT,non_RCT,non_RCT,non_RCT,non_RCT,non_RCT,non_RCT,non_RCT,True,0.01,0.01,0.01,0.28,0.05,0.01,0.01,0.03,0.19,563.0091961938888,Optical strategies for sensing neuronal voltage using quantum dots and other semiconductor nanocrystals.
16,23756542,non_RCT,non_RCT,non_RCT,non_RCT,non_RCT,non_RCT,non_RCT,non_RCT,non_RCT,non_RCT,True,0.01,0.01,0.01,0.55,0.02,0.01,0.01,0.01,0.02,617.9729250725359,"Analyses of the NAC transcription factor gene family in Gossypium raimondii Ulbr.: chromosomal location, structure, phylogeny, and expression patterns."
17,22690592,non_RCT,non_RCT,non_RCT,non_RCT,non_RCT,non_RCT,non_RCT,non_RCT,non_RCT,non_RCT,True,0.02,0.04,0.02,0.79,0.13,0.02,0.02,0.15,0.92,522.1615880727768,[Mechanisms of self-regulation of myocardial contractile function during hypokinesia and muscle training].
18,21766982,non_RCT,non_RCT,non_RCT,non_RCT,non_RCT,non_RCT,non_RCT,non_RCT,non_RCT,non_RCT,True,0.01,0.01,0.03,0.31,0.02,0.01,0.01,0.14,0.27,480.6105860043317,Gold medal award for life achievement in psychology in the public interest: Bernice Lott.
19,29177714,RCT,RCT,RCT,RCT,RCT,RCT,RCT,RCT,RCT,RCT,True,0.91,0.9,0.07,0.03,0.03,0.72,0.79,0.98,0.02,756.258956156671,"Non-invasive high-intensity focused ultrasound for UV-induced hyperpigmentation in Fitzpatrick skin types III and IV: a prospective, randomized, controlled, evaluator-blinded trial."
20,28841916,RCT,RCT,RCT,RCT,RCT,RCT,RCT,RCT,RCT,RCT,True,0.98,0.98,0.03,0.49,0.86,0.53,0.77,0.98,0.03,589.9318009614944,Neoadjuvant chemotherapy versus surgery first for resectable pancreatic cancer (Norwegian Pancreatic Cancer Trial - 1 (NorPACT-1)) - study protocol for a national multicentre randomized controlled trial.
21,25866811,RCT,non_RCT,non_RCT,non_RCT,non_RCT,non_RCT,non_RCT,non_RCT,non_RCT,non_RCT,False,0.02,0.06,0.01,0.12,0.98,0.02,0.09,0.96,0.02,438.9433399774134,A phase I trial to evaluate the multiple-dose safety and antitumor activity of ursolic acid liposomes in subjects with advanced solid tumors.
22,21775910,RCT,RCT,RCT,RCT,RCT,RCT,RCT,RCT,RCT,RCT,True,0.99,0.99,0.03,0.02,0.02,0.91,0.87,0.99,0.01,523.7343690823764,Effect of valerian on sleep quality in postmenopausal women: a randomized placebo-controlled clinical trial.
23,26034725,non_RCT,non_RCT,non_RCT,non_RCT,non_RCT,non_RCT,non_RCT,non_RCT,non_RCT,non_RCT,True,0.01,0.02,0.01,0.47,0.69,0.02,0.01,0.02,0.02,544.374150922522,Don't underestimate fournier's gangrene: report of 8 cases in 10 month survey.
24,30213739,RCT,RCT,RCT,RCT,RCT,RCT,RCT,RCT,RCT,RCT,True,0.98,0.97,0.13,0.04,0.02,0.89,0.88,0.98,0.02,506.5268010366708,Introduction to Open Surgical Skills Curriculum: Randomized Trial of Self-Paced vs Group Video Tutorial Viewing.
25,32226551,non_RCT,non_RCT,non_RCT,non_RCT,non_RCT,non_RCT,non_RCT,non_RCT,non_RCT,non_RCT,True,0.02,0.02,0.02,0.38,0.21,0.02,0.02,0.03,0.02,460.5933150742203,Bcl-6-directed follicular helper T cells promote vascular inflammatory injury in diabetic retinopathy.
26,27373387,RCT,RCT,RCT,RCT,RCT,RCT,RCT,RCT,RCT,RCT,True,0.96,0.96,0.04,0.06,0.03,0.61,0.72,0.98,0.02,531.2419629190117,Intraoperative aberrometry versus standard preoperative biometry and a toric IOL calculator for bilateral toric IOL implantation with a femtosecond laser: One-month results.
27,29386457,non_RCT,non_RCT,non_RCT,non_RCT,non_RCT,non_RCT,non_RCT,non_RCT,non_RCT,non_RCT,True,0.01,0.02,0.01,0.83,0.96,0.02,0.05,0.21,0.02,483.37207711301744,Giant Cell Tumors of the Bone: Changes in Image Features after Denosumab Administration.
28,21410371,RCT,RCT,RCT,RCT,RCT,RCT,RCT,RCT,RCT,RCT,True,0.17,0.97,0.03,0.03,0.03,0.71,0.91,0.95,0.02,537.4152651056647,Cytarabine dose for acute myeloid leukemia.
29,29872264,RCT,RCT,RCT,RCT,RCT,RCT,RCT,RCT,RCT,RCT,True,0.99,0.3,0.02,0.05,0.02,0.78,0.83,0.98,0.01,476.86221497133374,Evaluation of the effects of food on levodropropizine controlled-release tablet and its pharmacokinetic profile in comparison to that of immediate-release tablet.
30,30909620,non_RCT,non_RCT,non_RCT,non_RCT,non_RCT,non_RCT,non_RCT,non_RCT,non_RCT,non_RCT,True,0.02,0.07,0.01,0.69,0.15,0.02,0.04,0.03,0.02,566.2694207858294,Vaspin in Serum and Urine of Post-Partum Women with Excessive Gestational Weight Gain.
31,25594768,RCT,RCT,RCT,RCT,RCT,RCT,RCT,RCT,RCT,RCT,True,0.98,0.98,0.04,0.03,0.02,0.79,0.85,0.98,0.02,562.3657419346273,"Desensitizing efficacy of nano-carbonate apatite dentifrice and Er,Cr:YSGG laser: a randomized clinical trial."
32,23415013,RCT,RCT,RCT,RCT,RCT,RCT,RCT,RCT,RCT,RCT,True,0.99,0.99,0.02,0.03,0.02,0.83,0.94,0.98,0.01,551.2663810513914,"Use of clopidogrel with or without aspirin in patients taking oral anticoagulant therapy and undergoing percutaneous coronary intervention: an open-label, randomised, controlled trial."
33,22201239,RCT,RCT,RCT,RCT,RCT,RCT,RCT,RCT,RCT,RCT,True,0.57,0.98,0.09,0.03,0.02,0.84,0.85,0.98,0.02,508.0819989088923,Preliminary efficacy of a computer-delivered HIV prevention intervention for African American teenage females.
34,25754896,RCT,non_RCT,non_RCT,non_RCT,non_RCT,non_RCT,non_RCT,non_RCT,non_RCT,non_RCT,False,0.02,0.04,0.02,0.85,0.77,0.02,0.03,0.5,0.02,517.2621910460293,Increasing the efficiency of paired-stimulus preference assessments by identifying categories of preference.
35,25289678,non_RCT,non_RCT,non_RCT,non_RCT,non_RCT,non_RCT,non_RCT,non_RCT,non_RCT,non_RCT,True,0.02,0.03,0.02,0.17,0.1,0.02,0.02,0.06,0.03,547.4649609532207,Giardia duodenalis infection reduces granulocyte infiltration in an in vivo model of bacterial toxin-induced colitis and attenuates inflammation in human intestinal tissue.
36,23508598,RCT,RCT,RCT,RCT,RCT,RCT,RCT,RCT,RCT,RCT,True,0.99,0.99,0.03,0.03,0.01,0.94,0.9,0.99,0.01,504.5512840151787,Osteopathic manual treatment and ultrasound therapy for chronic low back pain: a randomized controlled trial.
37,23892047,RCT,non_RCT,non_RCT,non_RCT,non_RCT,non_RCT,non_RCT,non_RCT,non_RCT,non_RCT,False,0.03,0.14,0.03,0.45,0.88,0.05,0.19,0.88,0.02,440.6830379739404,Complement fragment 3a priming of umbilical cord blood progenitors: safety profile.
38,25171520,non_RCT,non_RCT,non_RCT,non_RCT,non_RCT,non_RCT,non_RCT,non_RCT,non_RCT,non_RCT,True,0.02,0.03,0.02,0.51,0.03,0.02,0.02,0.2,0.03,564.051705878228,Prospect theory based estimation of drivers' risk attitudes in route choice behaviors.
39,27379077,non_RCT,non_RCT,non_RCT,non_RCT,non_RCT,non_RCT,non_RCT,non_RCT,non_RCT,non_RCT,True,0.03,0.04,0.04,0.85,0.12,0.03,0.06,0.05,0.06,495.02251693047583,Corrigendum: Survey and Visual Detection of Zaire Ebolavirus in Clinical Samples Targeting the Nucleoprotein Gene in Sierra Leone.
40,26905901,RCT,RCT,RCT,RCT,RCT,RCT,RCT,RCT,RCT,RCT,True,0.98,0.98,0.03,0.51,0.02,0.93,0.96,0.98,0.02,559.5629410818219,The impact of treatment condition and the lagged effects of PTSD symptom severity and alcohol use on changes in alcohol craving.
41,22139387,RCT,non_RCT,RCT,RCT,RCT,RCT,RCT,RCT,RCT,RCT,True,0.02,0.69,0.02,0.2,0.12,0.02,0.03,0.19,0.02,682.8490989282727,A comparison of percutaneous reduction and screw fixation versus open reduction and plate fixation of traumatic symphysis pubis diastasis.
42,29726951,RCT,RCT,RCT,RCT,RCT,RCT,RCT,RCT,RCT,RCT,True,0.95,0.12,0.02,0.45,0.02,0.93,0.97,0.98,0.02,487.649517133832,"Walnut Consumption Alters the Gastrointestinal Microbiota, Microbially Derived Secondary Bile Acids, and Health Markers in Healthy Adults: A Randomized Controlled Trial."
43,24130350,RCT,RCT,RCT,RCT,RCT,RCT,RCT,RCT,RCT,RCT,True,0.99,0.98,0.04,0.06,0.02,0.93,0.92,0.98,0.02,586.8083289824426,Effectiveness of early intensive therapy on β-cell preservation in type 1 diabetes.
44,24197774,non_RCT,non_RCT,non_RCT,non_RCT,non_RCT,non_RCT,non_RCT,non_RCT,non_RCT,non_RCT,True,0.01,0.01,0.02,0.51,0.03,0.01,0.01,0.03,0.96,504.4838199391961,Asymmetric hydrogenation of imines.
45,28275232,non_RCT,non_RCT,non_RCT,non_RCT,non_RCT,non_RCT,non_RCT,non_RCT,non_RCT,non_RCT,True,0.01,0.02,0.02,0.18,0.27,0.02,0.01,0.02,0.02,615.2127701789141,The differential effects of low and high doses of apelin through opioid receptors on the blood pressure of rats with renovascular hypertension.
46,32016122,RCT,RCT,RCT,RCT,RCT,RCT,RCT,RCT,RCT,RCT,True,0.95,0.98,0.11,0.24,0.02,0.93,0.94,0.98,0.01,574.0092489868402,Effects of the Proactive Interdisciplinary Self-Management (PRISMA) Program on Online Care Platform Usage in Patients with Type 2 Diabetes in Primary Care: A Randomized Controlled Trial.
47,33032474,RCT,RCT,RCT,RCT,RCT,RCT,RCT,RCT,RCT,RCT,True,0.99,0.98,0.03,0.03,0.02,0.91,0.85,0.98,0.02,441.0254671238363,Clinical evaluation of the synbiotic Prodefen Plus® in the prevention of the antibiotic-associated diarrhoea in subjects requiring antibiotic treatment.
48,21377391,non_RCT,non_RCT,non_RCT,non_RCT,non_RCT,non_RCT,non_RCT,non_RCT,non_RCT,non_RCT,True,0.01,0.02,0.01,0.25,0.97,0.02,0.02,0.11,0.02,549.5339129120111,[Laparoscopic repair of pelvic organ prolapse by lateral suspension with mesh: a continuous series of 218 patients].
49,21840055,RCT,non_RCT,non_RCT,non_RCT,non_RCT,non_RCT,non_RCT,non_RCT,non_RCT,non_RCT,False,0.07,0.04,0.03,0.9,0.47,0.13,0.33,0.06,0.02,476.3388819992542,Prospective analysis of LDL-C goal achievement and self-reported medication adherence among statin users in primary care.
50,21226883,RCT,RCT,RCT,RCT,RCT,RCT,RCT,RCT,RCT,RCT,True,0.99,0.99,0.04,0.03,0.02,0.92,0.87,0.99,0.02,476.2740049045533,A randomized controlled trial of a smoking reduction plus nicotine replacement therapy intervention for smokers not willing to quit smoking.
51,23312232,RCT,non_RCT,non_RCT,RCT,RCT,non_RCT,RCT,RCT,non_RCT,RCT,True,0.36,0.05,0.06,0.98,0.11,0.97,0.98,0.23,0.02,494.60061313584447,"Self-reported menopausal symptoms, coronary artery calcification, and carotid intima-media thickness in recently menopausal women screened for the Kronos early estrogen prevention study (KEEPS)."
52,21658140,non_RCT,non_RCT,non_RCT,non_RCT,non_RCT,non_RCT,non_RCT,non_RCT,non_RCT,non_RCT,True,0.02,0.31,0.02,0.9,0.22,0.02,0.03,0.04,0.02,615.7459181267768,Impact of the removal of misleading terms on cigarette pack on smokers' beliefs about 'light/mild' cigarettes: cross-country comparisons.
53,21879641,RCT,RCT,RCT,RCT,RCT,RCT,RCT,RCT,RCT,RCT,True,0.98,0.97,0.04,0.05,0.02,0.76,0.79,0.98,0.02,549.2607380729169,Comparison of group and individual cognitive-behavioral therapy in reducing fear of negative evaluation.
54,22030767,RCT,non_RCT,non_RCT,non_RCT,non_RCT,non_RCT,non_RCT,non_RCT,non_RCT,non_RCT,False,0.02,0.04,0.05,0.96,0.18,0.04,0.2,0.12,0.04,601.478680036962,Meeting the challenge of practice quality improvement: a study of seven family medicine residency training practices.
55,23547490,RCT,RCT,RCT,RCT,RCT,RCT,RCT,RCT,RCT,RCT,True,0.97,0.2,0.04,0.1,0.02,0.77,0.78,0.98,0.01,530.633102869615,Determination of plaque viability following a single brushing with commercial toothpastes.
56,25616439,non_RCT,non_RCT,non_RCT,non_RCT,non_RCT,non_RCT,non_RCT,non_RCT,non_RCT,non_RCT,True,0.02,0.04,0.17,0.76,0.05,0.03,0.04,0.15,0.81,474.6272061020136,Improving adolescent sexual and reproductive health in Latin America: reflections from an International Congress.
57,27783213,RCT,RCT,RCT,RCT,RCT,RCT,RCT,RCT,RCT,RCT,True,0.98,0.98,0.02,0.03,0.02,0.92,0.78,0.98,0.02,486.77388089708984,"A prospective, randomized study of inhaled prostacyclin versus nitric oxide in patients with residual pulmonary hypertension after pulmonary endarterectomy."
58,25072446,non_RCT,non_RCT,non_RCT,non_RCT,non_RCT,non_RCT,non_RCT,non_RCT,non_RCT,non_RCT,True,0.01,0.02,0.01,0.71,0.06,0.01,0.02,0.03,0.22,535.5050761718303,Standardization of laparoscopic total mesorectal excision for rectal cancer: a structured international expert consensus.
59,31058727,RCT,RCT,RCT,RCT,RCT,RCT,RCT,RCT,RCT,RCT,True,0.97,0.97,0.06,0.13,0.02,0.72,0.71,0.97,0.02,507.9691580031067,Is Piezoelectric Surgery Really Harmless to Soft Tissue?
60,32534135,RCT,non_RCT,non_RCT,RCT,RCT,non_RCT,RCT,RCT,RCT,RCT,True,0.78,0.57,0.08,0.93,0.07,0.89,0.94,0.83,0.02,570.2665010467172,Interobserver variance and patient heterogeneity influencing the treatment of grade I spondylolisthesis.
61,27960463,non_RCT,non_RCT,non_RCT,non_RCT,non_RCT,non_RCT,non_RCT,non_RCT,non_RCT,non_RCT,True,0.01,0.01,0.01,0.14,0.04,0.01,0.01,0.02,0.02,520.5413929652423,Stabilized Wide Bandgap Perovskite Solar Cells by Tin Substitution.
62,23420911,RCT,RCT,RCT,RCT,RCT,RCT,RCT,RCT,RCT,RCT,True,0.92,0.98,0.17,0.04,0.02,0.86,0.94,0.98,0.02,719.5760300382972,Modifying media content for preschool children: a randomized controlled trial.
63,30246183,RCT,RCT,RCT,RCT,RCT,RCT,RCT,RCT,RCT,RCT,True,0.98,0.98,0.04,0.05,0.02,0.96,0.96,0.98,0.02,502.1440170239657,Immediate loading of fixed cross-arch prostheses supported by flapless-placed 5 mm or 11.5 mm long implants: 5-year results from a randomised controlled trial.
64,22579767,non_RCT,non_RCT,non_RCT,non_RCT,non_RCT,non_RCT,non_RCT,non_RCT,non_RCT,non_RCT,True,0.01,0.02,0.01,0.94,0.18,0.01,0.02,0.02,0.02,583.7405449710786,"Development of a rapid, microplate-based kinetic assay for measuring adenosine deaminase activity in body fluids."
65,27591703,non_RCT,non_RCT,non_RCT,non_RCT,non_RCT,non_RCT,non_RCT,non_RCT,non_RCT,non_RCT,True,0.01,0.01,0.01,0.32,0.08,0.01,0.01,0.02,0.02,543.1255579460412,"Design and characterization of short hybrid antimicrobial peptides from pEM-2, mastoparan-VT1, and mastoparan-B."
66,23772084,RCT,RCT,RCT,RCT,RCT,RCT,RCT,RCT,RCT,RCT,True,0.98,0.95,0.02,0.96,0.03,0.97,0.99,0.98,0.02,534.2356150504202,Hand bone loss in patients with psoriatic arthritis: posthoc analysis of IMPACT II data comparing infliximab and placebo.
67,31747012,RCT,RCT,RCT,RCT,RCT,RCT,RCT,RCT,RCT,RCT,True,0.97,0.99,0.02,0.03,0.02,0.9,0.89,0.98,0.02,470.44393396936357,Oxidized regenerated cellulose for a clear thoracoscopic view: a single-centre randomized trial.
68,31787104,non_RCT,non_RCT,non_RCT,non_RCT,non_RCT,non_RCT,non_RCT,non_RCT,non_RCT,non_RCT,True,0.01,0.02,0.03,0.53,0.03,0.01,0.02,0.04,0.97,463.9988271519542,Interplays between Enterovirus A71 and the innate immune system.
69,24276694,non_RCT,non_RCT,non_RCT,non_RCT,non_RCT,non_RCT,non_RCT,non_RCT,non_RCT,non_RCT,True,0.01,0.01,0.01,0.54,0.07,0.01,0.01,0.02,0.02,550.2398170065135,Chip-on-foil devices for DNA analysis based on inkjet-printed silver electrodes.
70,22352060,non_RCT,non_RCT,non_RCT,non_RCT,non_RCT,non_RCT,non_RCT,non_RCT,non_RCT,non_RCT,True,0.01,0.01,0.01,0.27,0.07,0.01,0.01,0.05,0.02,522.2216069232672,[An autopsied case of primary malignant pericardial mesothelioma diagnosed antemortally].
71,24607045,non_RCT,non_RCT,non_RCT,non_RCT,non_RCT,non_RCT,non_RCT,non_RCT,non_RCT,non_RCT,True,0.02,0.07,0.02,0.48,0.66,0.04,0.07,0.34,0.02,481.2760560307652,Ongoing allergic rhinitis impairs asthma control by enhancing the lower airway inflammation.
72,27416325,non_RCT,non_RCT,non_RCT,non_RCT,non_RCT,non_RCT,non_RCT,non_RCT,non_RCT,non_RCT,True,0.01,0.01,0.01,0.47,0.05,0.01,0.01,0.01,0.03,515.0889919605106,Tracking lags in historical plant species' shifts in relation to regional climate change.
73,29730000,RCT,RCT,RCT,RCT,RCT,RCT,RCT,RCT,RCT,RCT,True,0.95,0.92,0.03,0.04,0.02,0.86,0.81,0.98,0.02,554.9586690030992,The role of language in suicide reporting: Investigating the influence of problematic suicide referents.
74,24969152,RCT,non_RCT,RCT,RCT,RCT,RCT,RCT,RCT,RCT,RCT,True,0.95,0.97,0.97,0.21,0.07,0.26,0.47,0.85,0.02,571.6732270084321,"Comparison of evidence-based interventions on outcomes of hospitalized, cognitively impaired older adults."
75,28922635,non_RCT,non_RCT,non_RCT,non_RCT,non_RCT,non_RCT,non_RCT,non_RCT,non_RCT,non_RCT,True,0.01,0.01,0.02,0.32,0.12,0.02,0.01,0.02,0.02,440.4630099888891,Fucoidan coated ciprofloxacin loaded chitosan nanoparticles for the treatment of intracellular and biofilm infections of Salmonella.
76,23750462,RCT,RCT,RCT,RCT,RCT,RCT,RCT,RCT,RCT,RCT,True,0.84,0.94,0.03,0.94,0.06,0.96,0.97,0.97,0.02,569.0067680552602,Detecting critical decision points in psychotherapy and psychotherapy + medication for chronic depression.
77,29457751,non_RCT,non_RCT,non_RCT,non_RCT,non_RCT,non_RCT,non_RCT,non_RCT,non_RCT,non_RCT,True,0.01,0.02,0.01,0.91,0.71,0.02,0.03,0.12,0.02,476.4447270426899,Intra- and inter-fraction uncertainties during IGRT for Wilms' tumor.
78,24449819,RCT,RCT,RCT,RCT,RCT,RCT,RCT,RCT,RCT,RCT,True,0.39,0.16,0.05,0.93,0.11,0.97,0.98,0.93,0.02,545.823855092749,Does transendocardial injection of mesenchymal stem cells improve myocardial function locally or globally?: An analysis from the Percutaneous Stem Cell Injection Delivery Effects on Neomyogenesis (POSEIDON) randomized trial.
79,28031470,non_RCT,non_RCT,non_RCT,non_RCT,non_RCT,non_RCT,non_RCT,non_RCT,non_RCT,non_RCT,True,0.01,0.01,0.04,0.18,0.17,0.03,0.01,0.02,0.02,487.9906619898975,Effectiveness of Naturally Occurring Substances Added to Duck Litter in Reducing Emergence and Landing of Adult Musca domestica (Diptera: Muscidae).
80,23415630,non_RCT,non_RCT,non_RCT,non_RCT,non_RCT,non_RCT,non_RCT,non_RCT,non_RCT,non_RCT,True,0.03,0.03,0.05,0.87,0.1,0.03,0.04,0.34,0.91,820.5781420692801,Integration of patient-reported outcomes in multiregional confirmatory clinical trials.
81,23758106,RCT,non_RCT,RCT,RCT,RCT,RCT,RCT,RCT,RCT,RCT,True,0.03,0.79,0.06,0.26,0.13,0.1,0.3,0.93,0.02,500.8922058623284,Scanning electron microscopy of growing dental plaque: a quantitative study with different mouth rinses.
82,28461857,non_RCT,non_RCT,non_RCT,non_RCT,non_RCT,non_RCT,non_RCT,non_RCT,non_RCT,non_RCT,True,0.01,0.02,0.01,0.16,0.08,0.01,0.01,0.02,0.03,570.0659467838705,Leech in the Nose - an unusual cause of epistaxis.
83,32028411,RCT,RCT,RCT,RCT,RCT,RCT,RCT,RCT,RCT,RCT,True,0.98,0.99,0.02,0.05,0.02,0.94,0.89,0.98,0.02,483.10673818923533,Oxycodone preemptive analgesia after endoscopic plasma total adenotonsillectomy in children: A randomized controlled trial.
84,33095588,non_RCT,non_RCT,non_RCT,non_RCT,non_RCT,non_RCT,non_RCT,non_RCT,non_RCT,non_RCT,True,0.01,0.01,0.01,0.57,0.05,0.01,0.01,0.02,0.03,633.9146587997675,Protein Stabilization and Delivery: A Case Study of Invasion Plasmid Antigen D Adsorbed on Porous Silica.
85,22825655,non_RCT,non_RCT,non_RCT,non_RCT,non_RCT,non_RCT,non_RCT,non_RCT,non_RCT,non_RCT,True,0.01,0.01,0.01,0.29,0.04,0.01,0.01,0.02,0.02,524.2074739653617,"Antitumor effects of the novel quinazolinone MJ-33: inhibition of metastasis through the MAPK, AKT, NF-κB and AP-1 signaling pathways in DU145 human prostate cancer cells."
86,24563336,non_RCT,non_RCT,non_RCT,non_RCT,non_RCT,non_RCT,non_RCT,non_RCT,non_RCT,non_RCT,True,0.01,0.01,0.01,0.37,0.05,0.01,0.01,0.02,0.02,559.7216580063105,Oxymatrine triggers apoptosis by regulating Bcl-2 family proteins and activating caspase-3/caspase-9 pathway in human leukemia HL-60 cells.
87,22409644,RCT,RCT,RCT,RCT,RCT,RCT,RCT,RCT,RCT,RCT,True,0.92,0.97,0.05,0.88,0.03,0.95,0.98,0.98,0.02,524.8028628993779,Predictors of treatment response to cognitive-behavioral therapy for depression in Parkinson's disease.
88,24028201,RCT,RCT,RCT,RCT,RCT,RCT,RCT,RCT,RCT,RCT,True,0.99,0.99,0.03,0.45,0.89,0.61,0.8,0.99,0.02,482.88153298199177,Efficacy of strength and aerobic exercise on patient-reported outcomes and structural changes in patients with knee osteoarthritis: study protocol for a randomized controlled trial.
89,26567698,non_RCT,non_RCT,non_RCT,non_RCT,non_RCT,non_RCT,non_RCT,non_RCT,non_RCT,non_RCT,True,0.01,0.01,0.01,0.64,0.03,0.01,0.01,0.01,0.02,566.0445929970592,Miscibility of Itraconazole-Hydroxypropyl Methylcellulose Blends: Insights with High Resolution Analytical Methodologies.
90,26168848,non_RCT,non_RCT,non_RCT,non_RCT,non_RCT,non_RCT,non_RCT,non_RCT,non_RCT,non_RCT,True,0.01,0.02,0.03,0.67,0.14,0.02,0.01,0.05,0.88,464.29557213559747,Outstanding questions concerning sperm-epithelial binding in the mammalian oviduct.
91,24576198,non_RCT,non_RCT,non_RCT,non_RCT,non_RCT,non_RCT,non_RCT,non_RCT,non_RCT,non_RCT,True,0.02,0.02,0.02,0.09,0.09,0.02,0.01,0.03,0.02,524.9163450207561,Rat cavernous nerve reconstruction with CD133+ cells derived from human bone marrow.
92,32318695,RCT,RCT,RCT,RCT,RCT,RCT,RCT,RCT,RCT,RCT,True,0.99,0.99,0.02,0.03,0.02,0.94,0.95,0.99,0.01,539.278858108446,Effect of allopurinol on phosphocreatine recovery and muscle function in older people with impaired physical function: a randomised controlled trial.
93,32744257,non_RCT,non_RCT,non_RCT,non_RCT,non_RCT,non_RCT,non_RCT,non_RCT,non_RCT,non_RCT,True,0.01,0.01,0.01,0.5,0.04,0.01,0.01,0.01,0.02,663.8403690885752,Attaining atomic resolution from in situ data collection at room temperature using counter-diffusion-based low-cost microchips.
94,28038841,RCT,non_RCT,non_RCT,non_RCT,RCT,non_RCT,non_RCT,RCT,RCT,RCT,True,0.02,0.95,0.04,0.78,0.29,0.22,0.82,0.36,0.02,574.2660008836538,Discontinuation of orthokeratology on eyeball elongation (DOEE).
95,20848411,RCT,RCT,RCT,RCT,RCT,RCT,RCT,RCT,RCT,RCT,True,0.96,0.15,0.03,0.06,0.02,0.9,0.89,0.98,0.02,518.5779659077525,Perceptual characteristics of tracheoesophageal speech production using the new indwelling Provox Vega voice prosthesis: a randomized controlled crossover trial.
96,20957373,non_RCT,non_RCT,non_RCT,non_RCT,non_RCT,non_RCT,non_RCT,non_RCT,non_RCT,non_RCT,True,0.01,0.01,0.02,0.12,0.07,0.01,0.01,0.05,0.02,594.2181120626628,Arboreal habitat structure affects route choice by rat snakes.
97,32971476,non_RCT,non_RCT,non_RCT,non_RCT,non_RCT,non_RCT,non_RCT,non_RCT,non_RCT,non_RCT,True,0.01,0.02,0.01,0.89,0.33,0.02,0.02,0.05,0.03,511.88284414820373,Cerebrospinal fluid CD20 positive B-cell expansion in a case of anti-NMDAR encephalitis.
98,27632835,RCT,RCT,RCT,RCT,RCT,RCT,RCT,RCT,RCT,RCT,True,0.91,0.09,0.02,0.06,0.02,0.28,0.45,0.98,0.02,414.3372329417616,The Effect of 2 Forms of Talocrural Joint Traction on Dorsiflexion Range of Motion and Postural Control in Those With Chronic Ankle Instability.
99,23057616,RCT,RCT,RCT,RCT,RCT,RCT,RCT,RCT,RCT,RCT,True,0.95,0.97,0.07,0.57,0.79,0.78,0.73,0.97,0.03,450.5802320782095,The providing resources to enhance African American patients' readiness to make decisions about kidney disease (PREPARED) study: protocol of a randomized controlled trial.
100,24038085,non_RCT,non_RCT,non_RCT,non_RCT,non_RCT,non_RCT,non_RCT,non_RCT,non_RCT,non_RCT,True,0.01,0.02,0.01,0.26,0.03,0.01,0.01,0.07,0.03,498.7181038595736,The p38-MSK1 signaling cascade influences cytokine production through CREB and C/EBP factors in human neutrophils.
101,22675385,non_RCT,non_RCT,non_RCT,non_RCT,non_RCT,non_RCT,non_RCT,non_RCT,non_RCT,non_RCT,True,0.01,0.02,0.03,0.13,0.22,0.04,0.01,0.03,0.02,448.58926301822066,Chronic Treatment with Squid Phosphatidylserine Activates Glucose Uptake and Ameliorates TMT-Induced Cognitive Deficit in Rats via Activation of Cholinergic Systems.
102,25888270,RCT,non_RCT,non_RCT,RCT,RCT,non_RCT,RCT,RCT,non_RCT,RCT,True,0.51,0.41,0.03,0.94,0.58,0.96,0.88,0.84,0.07,555.8140759821981,Comparative effectiveness of mitoxantrone plus prednisone versus prednisone alone in metastatic castrate-resistant prostate cancer after docetaxel failure.
103,23937228,non_RCT,non_RCT,non_RCT,non_RCT,non_RCT,non_RCT,non_RCT,non_RCT,non_RCT,non_RCT,True,0.01,0.02,0.01,0.25,0.64,0.01,0.01,0.03,0.02,498.4811299946159,Successful medical treatment of glans ischemia after voluntary buprenorphine injection.
104,26081633,non_RCT,non_RCT,non_RCT,non_RCT,non_RCT,non_RCT,non_RCT,non_RCT,non_RCT,non_RCT,True,0.01,0.01,0.01,0.2,0.03,0.01,0.01,0.01,0.02,472.1480698790401,Quorum Sensing Determines the Choice of Antiphage Defense Strategy in Vibrio anguillarum.
105,30896314,non_RCT,non_RCT,non_RCT,non_RCT,non_RCT,non_RCT,non_RCT,non_RCT,non_RCT,non_RCT,True,0.01,0.01,0.02,0.18,0.03,0.01,0.01,0.02,0.04,486.85347894206643,The new species Puccinia telimutans causes Mexican potato rust disease of wild potatoes and shows a unique telial metamorphosis.
106,24153035,non_RCT,non_RCT,non_RCT,non_RCT,non_RCT,non_RCT,non_RCT,non_RCT,non_RCT,non_RCT,True,0.01,0.01,0.01,0.18,0.07,0.01,0.01,0.02,0.03,473.11281599104404,"Testicular yolk sac tumor of myxomatous, reticular, and polyvesicular vitelline type in a newborn calf."
107,22321495,RCT,RCT,RCT,RCT,RCT,RCT,RCT,RCT,RCT,RCT,True,0.98,0.98,0.03,0.1,0.02,0.96,0.92,0.98,0.02,517.2943479847163,[The blood-aqueous barrier changes after laser peripheral iridotomy or surgery peripheral iridectomy].
108,24700260,RCT,RCT,RCT,RCT,RCT,RCT,RCT,RCT,RCT,RCT,True,0.98,0.99,0.04,0.05,0.02,0.91,0.87,0.98,0.02,571.7753700446337,Are orange lollies effective in preventing nausea and vomiting related to dimethyl sulfoxide? A multicenter randomized trial.
109,24592408,RCT,RCT,RCT,RCT,RCT,RCT,RCT,RCT,RCT,RCT,True,0.05,0.02,0.02,0.04,0.02,0.9,0.04,0.07,0.02,563.5260159615427,Effects of pioglitazone on insulin sensitivity and serum lipids in obese cats.
110,24762110,RCT,RCT,RCT,RCT,RCT,RCT,RCT,RCT,RCT,RCT,True,0.96,0.97,0.08,0.77,0.02,0.97,0.98,0.98,0.02,536.3874619361013,The effect of prepubertal calcium carbonate supplementation on skeletal development in Gambian boys-a 12-year follow-up study.
111,27633813,RCT,RCT,RCT,RCT,RCT,RCT,RCT,RCT,RCT,RCT,True,0.99,0.99,0.02,0.03,0.02,0.95,0.9,0.99,0.01,612.6323288772255,Three different turbinoplasty techniques combined with septoplasty: Prospective randomized trial.
112,22298852,RCT,RCT,RCT,RCT,RCT,RCT,RCT,RCT,RCT,RCT,True,0.11,0.65,0.05,0.1,0.09,0.09,0.26,0.89,0.03,607.8386479057372,Testosterone disrupts human collaboration by increasing egocentric choices.
113,22552180,RCT,RCT,RCT,RCT,RCT,RCT,RCT,RCT,RCT,RCT,True,0.98,0.98,0.03,0.15,0.02,0.94,0.94,0.98,0.02,536.2343010492623,A randomized controlled trial comparing three vaginal kits of single-incision mini-slings for stress urinary incontinence: surgical data.
114,24528935,RCT,RCT,RCT,RCT,RCT,RCT,RCT,RCT,RCT,RCT,True,0.98,0.99,0.02,0.03,0.02,0.96,0.87,0.99,0.02,477.52443701028824,Combination therapy with diquafosol tetrasodium and sodium hyaluronate in patients with dry eye after laser in situ keratomileusis.
115,31119701,non_RCT,non_RCT,non_RCT,non_RCT,non_RCT,non_RCT,non_RCT,non_RCT,non_RCT,non_RCT,True,0.01,0.02,0.01,0.95,0.29,0.02,0.03,0.02,0.02,458.36247014813125,Validation of the Yale Food Addiction Scale 2.0 Among a Bariatric Surgery Population.
116,21565820,RCT,RCT,RCT,RCT,RCT,RCT,RCT,RCT,RCT,RCT,True,0.98,0.97,0.04,0.71,0.02,0.91,0.97,0.98,0.02,478.00432587973773,"Attempts to reach the oldest and frailest: recruitment, adherence, and retention of urban elderly persons to a falls reduction exercise program."
117,25416927,RCT,RCT,RCT,RCT,RCT,RCT,RCT,RCT,RCT,RCT,True,0.97,0.98,0.04,0.09,0.02,0.93,0.85,0.98,0.02,490.65689998678863,Influence of a probiotic Lactobacillus casei strain on the colonisation with potential pathogenic streptococci and Staphylococcus aureus in the nasopharyngeal space of healthy men with a low baseline NK cell activity.
118,26566293,non_RCT,non_RCT,non_RCT,non_RCT,non_RCT,non_RCT,non_RCT,non_RCT,non_RCT,non_RCT,True,0.02,0.01,0.02,0.64,0.02,0.02,0.03,0.09,0.06,478.7738418672234,Effective dimension reduction for sparse functional data.
119,22248375,RCT,non_RCT,non_RCT,non_RCT,non_RCT,RCT,RCT,RCT,non_RCT,RCT,True,0.03,0.1,0.02,0.24,0.04,0.02,0.02,0.97,0.02,447.0422798767686,"Aging, imagery, and the bizarreness effect."
120,27181277,RCT,RCT,RCT,RCT,RCT,RCT,RCT,RCT,RCT,RCT,True,0.97,0.96,0.03,0.09,0.02,0.66,0.83,0.97,0.02,508.18874686956406,Cardiovascular autonomic neuropathy in patients with type 2 diabetes.
121,28703621,RCT,non_RCT,non_RCT,non_RCT,non_RCT,RCT,RCT,RCT,non_RCT,RCT,True,0.06,0.2,0.02,0.13,0.03,0.02,0.03,0.97,0.02,619.6408150717616,Attentional accounting: Voluntary spatial attention increases budget category prioritization.
122,29685649,non_RCT,non_RCT,non_RCT,non_RCT,non_RCT,non_RCT,non_RCT,non_RCT,non_RCT,non_RCT,True,0.02,0.02,0.01,0.84,0.03,0.02,0.02,0.02,0.15,583.8253379333764,Polygenic link between blood lipids and amyotrophic lateral sclerosis.
123,32563606,RCT,RCT,RCT,RCT,RCT,RCT,RCT,RCT,RCT,RCT,True,0.99,0.99,0.02,0.12,0.02,0.96,0.96,0.99,0.01,536.800276953727,A phase 2 study of the bivalent VLP norovirus vaccine candidate in older adults; impact of MPL adjuvant or a second dose.
124,27156023,non_RCT,non_RCT,non_RCT,non_RCT,non_RCT,non_RCT,non_RCT,non_RCT,non_RCT,non_RCT,True,0.01,0.02,0.05,0.41,0.09,0.02,0.02,0.02,0.03,498.6704068724066,Wolbachia Blocks Currently Circulating Zika Virus Isolates in Brazilian Aedes aegypti Mosquitoes.
125,24772594,RCT,RCT,RCT,RCT,RCT,RCT,RCT,RCT,RCT,RCT,True,0.94,0.88,0.04,0.07,0.04,0.73,0.7,0.97,0.02,575.1574120949954,G-suited for prevention of syncope in patients with vasovagal syncope: a pilot study.
126,31264757,RCT,RCT,RCT,RCT,RCT,RCT,RCT,RCT,RCT,RCT,True,0.99,0.99,0.01,0.03,0.02,0.96,0.92,0.99,0.02,609.0888998005539,Body weight management and safety with efpeglenatide in adults without diabetes: A phase II randomized study.
127,28485200,RCT,non_RCT,non_RCT,non_RCT,non_RCT,non_RCT,non_RCT,non_RCT,non_RCT,non_RCT,False,0.02,0.04,0.01,0.69,0.87,0.03,0.07,0.08,0.02,467.1342009678483,"Assessment of early treatment response by rapid cardiothoracic ultrasound in acute heart failure: Cardiac filling pressures, pulmonary congestion and mortality."
128,29140440,RCT,RCT,RCT,RCT,RCT,RCT,RCT,RCT,RCT,RCT,True,0.91,0.88,0.31,0.9,0.02,0.96,0.98,0.96,0.02,655.766885029152,Cord Metabolic Profiles in Obese Pregnant Women: Insights Into Offspring Growth and Body Composition.
129,29310068,non_RCT,non_RCT,non_RCT,non_RCT,non_RCT,non_RCT,non_RCT,non_RCT,non_RCT,non_RCT,True,0.01,0.01,0.01,0.45,0.04,0.01,0.01,0.01,0.02,436.16230715997517,The interaction of trace heavy metal with lipid monolayer in the sea surface microlayer.
130,28895171,non_RCT,non_RCT,non_RCT,non_RCT,non_RCT,non_RCT,non_RCT,non_RCT,non_RCT,non_RCT,True,0.02,0.03,0.01,0.86,0.63,0.02,0.03,0.45,0.02,578.8529508281499,Effect of aging and direction of impulse in video head impulse test.
131,32707701,non_RCT,non_RCT,non_RCT,non_RCT,non_RCT,non_RCT,non_RCT,non_RCT,non_RCT,non_RCT,True,0.01,0.03,0.02,0.65,0.47,0.02,0.01,0.02,0.03,564.384653000161,Policies to Reduce Antibiotic Consumption: The Impact in the Basque Country.
132,23691249,non_RCT,non_RCT,non_RCT,non_RCT,non_RCT,non_RCT,non_RCT,non_RCT,non_RCT,non_RCT,True,0.01,0.02,0.01,0.63,0.2,0.02,0.02,0.04,0.03,553.6294290795922,Impact of coronary tortuosity on coronary blood supply: a patient-specific study.
133,30339697,non_RCT,non_RCT,non_RCT,non_RCT,non_RCT,non_RCT,non_RCT,non_RCT,non_RCT,non_RCT,True,0.01,0.03,0.01,0.47,0.89,0.02,0.02,0.12,0.02,545.5607487820089,Prognostic factors determining poor postsurgical outcomes of mesial temporal lobe epilepsy.
134,31444537,non_RCT,non_RCT,non_RCT,non_RCT,non_RCT,RCT,RCT,non_RCT,non_RCT,non_RCT,True,0.02,0.04,0.02,0.25,0.41,0.03,0.04,0.92,0.02,547.8541280608624,The effects of risk magnitude training on mapping risks on space.
135,30539006,non_RCT,non_RCT,non_RCT,non_RCT,non_RCT,non_RCT,non_RCT,non_RCT,non_RCT,non_RCT,True,0.01,0.02,0.02,0.42,0.07,0.02,0.02,0.03,0.02,496.5055969078094,Acetylation of HMGB1 by JNK1 Signaling Promotes LPS-Induced Peritoneal Mesothelial Cells Apoptosis.
136,31769905,non_RCT,non_RCT,non_RCT,non_RCT,non_RCT,non_RCT,non_RCT,non_RCT,non_RCT,non_RCT,True,0.01,0.02,0.01,0.72,0.04,0.01,0.01,0.02,0.03,604.012159164995,An international survey to inform priorities for new guidelines on von Willebrand disease.
137,21978010,RCT,non_RCT,non_RCT,non_RCT,non_RCT,non_RCT,non_RCT,non_RCT,non_RCT,non_RCT,False,0.02,0.05,0.03,0.83,0.6,0.03,0.2,0.36,0.02,460.77258908189833,Engagement of temporal lobe regions predicts response to educational interventions in adolescent struggling readers.
138,28492874,RCT,RCT,RCT,RCT,RCT,RCT,RCT,RCT,RCT,RCT,True,0.35,0.97,0.04,0.95,0.03,0.96,0.98,0.96,0.02,563.0668180529028,Peripapillary Retinal Pigment Epithelium Layer Shape Changes From Acetazolamide Treatment in the Idiopathic Intracranial Hypertension Treatment Trial.
139,26195664,non_RCT,non_RCT,non_RCT,non_RCT,non_RCT,non_RCT,non_RCT,non_RCT,non_RCT,non_RCT,True,0.01,0.02,0.01,0.42,0.04,0.01,0.01,0.04,0.03,434.323038905859,BLM helicase facilitates telomere replication during leading strand synthesis of telomeres.
140,25062129,RCT,RCT,RCT,RCT,RCT,RCT,RCT,RCT,RCT,RCT,True,0.87,0.29,0.03,0.43,0.02,0.76,0.87,0.98,0.02,568.4145430568606,Contact lens lipid spoliation of hydrogel and silicone hydrogel lenses.
141,22122887,RCT,RCT,RCT,RCT,RCT,RCT,RCT,RCT,RCT,RCT,True,0.98,0.98,0.02,0.09,0.02,0.96,0.98,0.98,0.02,603.1943659763783,"Intracoronary compared to intravenous abciximab in patients with ST segment elevation myocardial infarction treated with primary percutaneous coronary intervention reduces mortality, target vessel revascularization and reinfarction after 1 year."
142,26296603,non_RCT,non_RCT,non_RCT,non_RCT,non_RCT,non_RCT,non_RCT,non_RCT,non_RCT,non_RCT,True,0.01,0.01,0.01,0.73,0.04,0.01,0.01,0.01,0.02,607.2398850228637,Multiple-locus variable-number tandem repeat analysis of Leptospira interrogans and Leptospira borgpetersenii isolated from small feral and wild mammals in East Asia.
143,30889472,non_RCT,non_RCT,non_RCT,non_RCT,non_RCT,non_RCT,non_RCT,non_RCT,non_RCT,non_RCT,True,0.01,0.01,0.01,0.45,0.03,0.01,0.01,0.01,0.05,566.6235908865929,The multiple origins of proteins present in tupanvirus particles.
144,24647316,non_RCT,non_RCT,non_RCT,non_RCT,non_RCT,non_RCT,non_RCT,non_RCT,non_RCT,non_RCT,True,0.01,0.02,0.01,0.16,0.88,0.02,0.02,0.07,0.03,649.9238808173686,Transrenal E-XL stenting prior to EVAR in the case of abdominal aortic aneurysm associated to proximal aortic neck dissection.
145,27175917,RCT,RCT,RCT,RCT,RCT,RCT,RCT,RCT,RCT,RCT,True,0.98,0.98,0.02,0.63,0.84,0.55,0.8,0.98,0.03,481.2770050484687,The value of arthroscopy in the treatment of complex ankle fractures - a protocol of a randomised controlled trial.
146,22429377,non_RCT,non_RCT,non_RCT,non_RCT,non_RCT,non_RCT,non_RCT,non_RCT,non_RCT,non_RCT,True,0.01,0.02,0.01,0.73,0.61,0.01,0.02,0.02,0.02,536.1585831269622,Could vital signs predict carbon monoxide intoxication?
147,25150754,non_RCT,non_RCT,non_RCT,non_RCT,non_RCT,non_RCT,non_RCT,non_RCT,non_RCT,non_RCT,True,0.02,0.03,0.01,0.76,0.62,0.02,0.04,0.03,0.02,471.0575109347701,Prevalence of renal artery disease and its prognostic significance in patients undergoing coronary bypass grafting.
148,21321086,RCT,RCT,RCT,RCT,RCT,RCT,RCT,RCT,RCT,RCT,True,0.98,0.99,0.02,0.03,0.02,0.91,0.92,0.99,0.02,504.99095604754984,"A phase II, multicenter, open-label randomized study of motesanib or bevacizumab in combination with paclitaxel and carboplatin for advanced nonsquamous non-small-cell lung cancer."
149,23256739,non_RCT,non_RCT,non_RCT,non_RCT,non_RCT,non_RCT,non_RCT,non_RCT,non_RCT,non_RCT,True,0.02,0.03,0.04,0.72,0.05,0.03,0.04,0.1,0.96,516.2403958383948,The genetic basis for interindividual immune response variation to measles vaccine: new understanding and new vaccine approaches.
150,24421621,non_RCT,non_RCT,non_RCT,non_RCT,non_RCT,non_RCT,non_RCT,non_RCT,RCT,non_RCT,True,0.67,0.7,0.05,0.56,0.03,0.45,0.02,0.92,0.98,532.8854999970645,Conservative physical therapy management for the treatment of cervicogenic headache: a systematic review.
151,21155613,non_RCT,non_RCT,non_RCT,non_RCT,non_RCT,non_RCT,non_RCT,non_RCT,non_RCT,non_RCT,True,0.01,0.02,0.01,0.4,0.98,0.02,0.03,0.44,0.01,489.9857130367309,"Use of recombinant human parathyroid hormone(1-84) in patients with postmenopausal osteoporosis: a prospective, open-label, single-arm, multicentre, observational cohort study of the effects of treatment on quality of life and pain--the PROPOSE study."
152,28778281,RCT,non_RCT,non_RCT,non_RCT,non_RCT,non_RCT,non_RCT,non_RCT,non_RCT,non_RCT,False,0.01,0.04,0.01,0.88,0.5,0.02,0.04,0.04,0.02,542.6052759867162,Effects of high progesterone level on the day of human chorionic gonadotrophin administration in in vitro fertilization cycles on epigenetic modification of endometrium in the peri-implantation period.
153,25260838,RCT,RCT,RCT,RCT,RCT,RCT,RCT,RCT,RCT,RCT,True,0.99,0.99,0.02,0.02,0.02,0.95,0.94,0.99,0.01,504.38854191452265,"Pasireotide versus continued treatment with octreotide or lanreotide in patients with inadequately controlled acromegaly (PAOLA): a randomised, phase 3 trial."
154,31581523,RCT,RCT,RCT,RCT,RCT,RCT,RCT,RCT,RCT,RCT,True,0.99,0.98,0.03,0.03,0.02,0.86,0.83,0.99,0.02,476.0986410547048,"A Prospective Study Evaluating the Effects of a Nutritional Supplement Intervention on Cognition, Mood States, and Mental Performance in Video Gamers."
155,25099181,non_RCT,non_RCT,non_RCT,non_RCT,non_RCT,non_RCT,non_RCT,non_RCT,non_RCT,non_RCT,True,0.01,0.03,0.01,0.7,0.28,0.01,0.02,0.02,0.02,539.5106209907681,Chromogranin A is a reliable serum diagnostic biomarker for pancreatic neuroendocrine tumors but not for insulinomas.
156,29761751,RCT,RCT,RCT,RCT,RCT,RCT,RCT,RCT,RCT,RCT,True,0.98,0.98,0.97,0.06,0.02,0.95,0.97,0.98,0.02,546.6686359141022,Long-term clinical and cost-effectiveness of collaborative care (versus usual care) for people with mental-physical multimorbidity: cluster-randomised trial.
157,22142641,non_RCT,non_RCT,non_RCT,non_RCT,non_RCT,non_RCT,non_RCT,non_RCT,non_RCT,non_RCT,True,0.01,0.02,0.01,0.86,0.16,0.02,0.03,0.34,0.03,501.397165004164,Detection and mass spectrometric characterization of novel long-term dehydrochloromethyltestosterone metabolites in human urine.
158,32780139,RCT,RCT,RCT,RCT,RCT,RCT,RCT,RCT,RCT,RCT,True,0.98,0.99,0.04,0.03,0.02,0.98,0.96,0.99,0.01,505.9290749486536,"Effect of High Add Power, Medium Add Power, or Single-Vision Contact Lenses on Myopia Progression in Children: The BLINK Randomized Clinical Trial."
159,21607966,RCT,non_RCT,non_RCT,non_RCT,non_RCT,non_RCT,non_RCT,non_RCT,non_RCT,non_RCT,False,0.01,0.03,0.01,0.81,0.15,0.02,0.02,0.02,0.03,529.3463310226798,Electrodiagnostic consultation and identification of neuromuscular conditions in persons with diabetes.
160,26835974,RCT,RCT,RCT,RCT,RCT,RCT,RCT,RCT,RCT,RCT,True,0.09,0.98,0.04,0.07,0.04,0.44,0.91,0.97,0.02,456.34736912325025,"Immunogenicity, Tolerability and Safety in Adolescents of Bivalent rLP2086, a Meningococcal Serogroup B Vaccine, Coadministered with Quadrivalent Human Papilloma Virus Vaccine."
161,25832789,non_RCT,non_RCT,non_RCT,non_RCT,non_RCT,non_RCT,non_RCT,non_RCT,non_RCT,non_RCT,True,0.01,0.01,0.01,0.49,0.16,0.01,0.01,0.02,0.02,473.6167420633137,Enhancing fermentable sugar yield from cassava pulp for bioethanol production: microwave-coupled enzymatic hydrolysis approach.
162,26863870,RCT,non_RCT,non_RCT,RCT,RCT,non_RCT,RCT,RCT,RCT,RCT,True,0.9,0.49,0.09,0.96,0.12,0.93,0.97,0.93,0.03,508.5887929890305,Explanations and information-giving: clinician strategies used in talking to parents of preterm infants.
163,25241623,non_RCT,non_RCT,non_RCT,non_RCT,non_RCT,non_RCT,non_RCT,non_RCT,non_RCT,non_RCT,True,0.02,0.06,0.01,0.69,0.14,0.02,0.09,0.03,0.02,454.74672014825046,"Heavy alcohol use, marijuana use, and concomitant use by adolescents are associated with unique and shared cognitive decrements."
164,28263256,RCT,RCT,RCT,RCT,RCT,RCT,RCT,RCT,RCT,RCT,True,0.75,0.12,0.05,0.96,0.07,0.95,0.97,0.72,0.02,592.2379367984831,Factors Associated With Ambulatory Activity in De Novo Parkinson Disease.
165,26293583,RCT,RCT,RCT,RCT,RCT,RCT,RCT,RCT,RCT,RCT,True,0.97,0.99,0.03,0.03,0.02,0.96,0.93,0.99,0.02,457.4607510585338,"Efficacy of orally administered Silexan in patients with anxiety-related restlessness and disturbed sleep--A randomized, placebo-controlled trial."
166,26476238,non_RCT,non_RCT,non_RCT,non_RCT,non_RCT,non_RCT,non_RCT,non_RCT,non_RCT,non_RCT,True,0.01,0.02,0.01,0.21,0.08,0.02,0.01,0.03,0.02,518.6167089268565,Phosphoinositide dependent protein kinase 1 is required for exercise-induced cardiac hypertrophy but not the associated mitochondrial adaptations.
167,29107240,non_RCT,non_RCT,non_RCT,non_RCT,non_RCT,non_RCT,non_RCT,non_RCT,non_RCT,non_RCT,True,0.01,0.01,0.05,0.25,0.2,0.02,0.01,0.03,0.03,552.389299031347,Synthesis and biological activity of benzoylcyclohexanedione herbicide SYP-9121.
168,21718259,RCT,RCT,RCT,RCT,RCT,RCT,RCT,RCT,RCT,RCT,True,0.97,0.99,0.05,0.03,0.02,0.93,0.9,0.99,0.01,627.7972380630672,A randomized controlled clinical trial of the Seattle Protocol for Activity in older adults.
169,27880804,RCT,RCT,RCT,RCT,RCT,RCT,RCT,RCT,RCT,RCT,True,0.76,0.19,0.08,0.95,0.09,0.94,0.96,0.68,0.02,446.3532818481326,Dietary Intake and Eating Behaviours of Obese New Zealand Children and Adolescents Enrolled in a Community-Based Intervention Programme.
170,28768251,RCT,RCT,RCT,RCT,RCT,RCT,RCT,RCT,RCT,RCT,True,0.99,0.98,0.04,0.05,0.02,0.94,0.92,0.98,0.02,512.3371779918671,A Randomized Controlled Trial Examining the Effect of Acupressure on Agitation and Salivary Cortisol in Nursing Home Residents with Dementia.
171,24052368,RCT,non_RCT,non_RCT,non_RCT,non_RCT,non_RCT,non_RCT,non_RCT,non_RCT,non_RCT,False,0.02,0.04,0.01,0.73,0.94,0.02,0.06,0.53,0.02,550.9554320015013,"Hyaluronic acid: in vitro and in vivo analysis, biochemical properties and histological and morphological evaluation of injected filler."
172,22093067,RCT,non_RCT,non_RCT,non_RCT,non_RCT,RCT,RCT,RCT,non_RCT,RCT,True,0.03,0.16,0.04,0.34,0.31,0.04,0.11,0.97,0.02,528.4498140681535,"Reactions of non-immunologic contact urticaria on scalp, face, and back."
173,25053601,non_RCT,non_RCT,non_RCT,non_RCT,non_RCT,non_RCT,non_RCT,non_RCT,non_RCT,non_RCT,True,0.01,0.02,0.01,0.85,0.04,0.02,0.01,0.02,0.98,509.0968490112573,Identification of circulating microRNAs as biomarkers in diagnosis of hematologic cancers: a meta-analysis.
174,23837219,RCT,non_RCT,non_RCT,non_RCT,non_RCT,non_RCT,non_RCT,non_RCT,non_RCT,non_RCT,False,0.02,0.05,0.01,0.79,0.22,0.02,0.02,0.02,0.02,464.74357694387436,Comparison of keratometric values and corneal eccentricity.
175,26697137,RCT,non_RCT,RCT,RCT,RCT,RCT,RCT,RCT,RCT,RCT,True,0.05,0.97,0.07,0.25,0.1,0.14,0.75,0.95,0.02,430.31595600768924,Changes in Oxidative Stress and Inflammatory Biomarkers in Fragile Adults over Fifty Years of Age and in Elderly People Exclusively Fed Enteral Nutrition.
176,23373906,non_RCT,non_RCT,non_RCT,non_RCT,non_RCT,non_RCT,non_RCT,non_RCT,non_RCT,non_RCT,True,0.01,0.01,0.02,0.33,0.02,0.01,0.01,0.04,0.19,558.5874461103231,Structure of multidimensional entanglement in multipartite systems.
177,21940392,RCT,RCT,RCT,RCT,RCT,RCT,RCT,RCT,RCT,RCT,True,0.76,0.96,0.05,0.06,0.02,0.71,0.69,0.97,0.02,571.2276259437203,Enhanced lymph node retrieval from colorectal cancer resections using a simple lymphatic staining method.
178,26246087,RCT,RCT,RCT,RCT,RCT,RCT,RCT,RCT,RCT,RCT,True,0.98,0.99,0.03,0.03,0.02,0.92,0.92,0.99,0.02,536.4904790185392,Bacillus clausii for Prevention of Late-onset Sepsis in Preterm Infants: A Randomized Controlled Trial.
179,31499186,non_RCT,non_RCT,non_RCT,non_RCT,non_RCT,non_RCT,non_RCT,non_RCT,non_RCT,non_RCT,True,0.02,0.02,0.03,0.49,0.04,0.02,0.03,0.08,0.97,476.0245308279991,"Cholinergic muscarinic M1 and M4 receptors as therapeutic targets for cognitive, behavioural, and psychological symptoms in psychiatric and neurological disorders."
180,24677534,non_RCT,non_RCT,non_RCT,non_RCT,non_RCT,non_RCT,non_RCT,non_RCT,non_RCT,non_RCT,True,0.02,0.02,0.01,0.91,0.05,0.02,0.02,0.06,0.98,563.8323270250112,Experiences of self-practice/self-reflection in cognitive behavioural therapy: a meta-synthesis of qualitative studies.
181,21604389,non_RCT,non_RCT,non_RCT,non_RCT,non_RCT,non_RCT,non_RCT,non_RCT,non_RCT,non_RCT,True,0.01,0.01,0.01,0.86,0.21,0.01,0.01,0.02,0.02,606.3582899514586,[Evaluation of toxin producing abilities of non-O1/non-O139 serogroup Vibrio cholerae isolated from humans].
182,22730390,RCT,RCT,RCT,RCT,RCT,RCT,RCT,RCT,RCT,RCT,True,0.96,0.2,0.02,0.06,0.02,0.79,0.81,0.98,0.02,534.8973041400313,Remote ischemic preconditioning prevents reduction in brachial artery flow-mediated dilation after strenuous exercise.
183,24019441,non_RCT,non_RCT,non_RCT,non_RCT,non_RCT,non_RCT,non_RCT,non_RCT,non_RCT,non_RCT,True,0.01,0.02,0.02,0.64,0.04,0.01,0.02,0.02,0.05,513.4112450759858,Population vulnerability to biannual cholera outbreaks and associated macro-scale drivers in the Bengal Delta.
184,26238417,non_RCT,non_RCT,non_RCT,non_RCT,non_RCT,non_RCT,non_RCT,non_RCT,non_RCT,non_RCT,True,0.02,0.03,0.03,0.53,0.08,0.02,0.03,0.05,0.96,500.7437849417329,Defecating disorders: a common cause of constipation in women.
185,28434061,non_RCT,non_RCT,non_RCT,non_RCT,non_RCT,non_RCT,non_RCT,non_RCT,non_RCT,non_RCT,True,0.01,0.07,0.01,0.44,0.25,0.02,0.02,0.31,0.02,493.0808402132243,The sources of calcium for noradrenaline-induced contraction in the human thoracic internal artery.
186,20835926,RCT,RCT,RCT,RCT,RCT,RCT,RCT,RCT,RCT,RCT,True,0.99,0.98,0.02,0.02,0.02,0.87,0.92,0.98,0.02,473.8846819382161,Palliative stenting with or without radiotherapy for inoperable esophageal carcinoma: a randomized trial.
187,26718897,RCT,RCT,RCT,RCT,RCT,RCT,RCT,RCT,RCT,RCT,True,0.99,0.98,0.99,0.59,0.89,0.85,0.77,0.93,0.03,504.24586702138186,The Karnataka Anemia Project 2--design and evaluation of a community-based parental intervention to improve childhood anemia cure rates: study protocol for a cluster randomized controlled trial.
188,29033477,non_RCT,non_RCT,non_RCT,non_RCT,non_RCT,non_RCT,non_RCT,non_RCT,non_RCT,non_RCT,True,0.01,0.02,0.02,0.42,0.02,0.01,0.01,0.04,0.09,512.5036400277168,"Is Lhasa Tibetan Sign Language emerging, endangered, or both?"
189,25423709,non_RCT,non_RCT,non_RCT,non_RCT,non_RCT,non_RCT,non_RCT,non_RCT,non_RCT,non_RCT,True,0.01,0.01,0.0,0.32,0.09,0.01,0.01,0.01,0.02,472.7108811493963,Malignant female adnexal tumor of Wolffian origin (FATWO) positive for CD56: a possible diagnostic role for the biomarker.
190,26674543,non_RCT,non_RCT,non_RCT,non_RCT,non_RCT,non_RCT,non_RCT,non_RCT,non_RCT,non_RCT,True,0.01,0.02,0.01,0.36,0.1,0.01,0.01,0.04,0.02,565.8866530284286,The pan-class I phosphatidyl-inositol-3 kinase inhibitor NVP-BKM120 demonstrates anti-leukemic activity in acute myeloid leukemia.
191,26563287,RCT,non_RCT,non_RCT,non_RCT,non_RCT,non_RCT,non_RCT,non_RCT,non_RCT,non_RCT,False,0.03,0.03,0.02,0.74,0.2,0.02,0.07,0.04,0.02,460.68958891555667,Osteosarcopenia is more than sarcopenia and osteopenia alone.
192,23124914,RCT,RCT,RCT,RCT,RCT,RCT,RCT,RCT,RCT,RCT,True,0.98,0.99,0.03,0.03,0.02,0.92,0.82,0.98,0.02,515.7492109574378,"The efficacy of a topical sialogogue spray containing 1% malic acid in patients with antidepressant-induced dry mouth: a double-blind, randomized clinical trial."
193,27616939,non_RCT,non_RCT,non_RCT,non_RCT,non_RCT,non_RCT,non_RCT,non_RCT,non_RCT,non_RCT,True,0.02,0.04,0.04,0.69,0.12,0.03,0.09,0.1,0.27,539.7387989796698,Beyond Licking and Grooming: Maternal Regulation of Infant Stress in the Context of Routine Care.
194,26246884,non_RCT,RCT,RCT,RCT,RCT,RCT,RCT,RCT,RCT,RCT,False,0.98,0.98,0.03,0.03,0.02,0.95,0.93,0.98,0.02,529.6620598528534,Effect of Telephone-Based Support on Postpartum Depression: A Randomized Controlled Trial.
195,31440516,non_RCT,non_RCT,non_RCT,non_RCT,non_RCT,non_RCT,non_RCT,non_RCT,non_RCT,non_RCT,True,0.01,0.01,0.01,0.65,0.06,0.01,0.01,0.02,0.03,607.9192878678441,Combining Cell-Free Protein Synthesis and NMR Into a Tool to Study Capsid Assembly Modulation.
196,29684882,non_RCT,non_RCT,non_RCT,non_RCT,non_RCT,non_RCT,non_RCT,non_RCT,non_RCT,non_RCT,True,0.01,0.01,0.02,0.52,0.03,0.01,0.01,0.01,0.02,481.66934796608984,"Volatile organic compounds in stormwater from a community of Beijing, China."
197,23812612,RCT,RCT,RCT,RCT,RCT,RCT,RCT,RCT,RCT,RCT,True,0.73,0.89,0.05,0.03,0.03,0.88,0.77,0.98,0.02,566.3171499036252,Fractional carbon dioxide laser and acoustic-pressure ultrasound for transepidermal delivery of cosmeceuticals: a novel method of facial rejuvenation.
198,23119170,non_RCT,non_RCT,non_RCT,non_RCT,non_RCT,non_RCT,non_RCT,non_RCT,non_RCT,non_RCT,True,0.01,0.01,0.02,0.42,0.14,0.01,0.01,0.02,0.02,474.03407003730536,Combined Stimulation with the Tumor Necrosis Factor α and the Epidermal Growth Factor Promotes the Proliferation of Hepatocytes in Rat Liver Cultured Slices.
199,24451226,non_RCT,non_RCT,non_RCT,non_RCT,non_RCT,non_RCT,non_RCT,non_RCT,non_RCT,non_RCT,True,0.02,0.02,0.01,0.88,0.05,0.02,0.03,0.02,0.04,475.0180100090802,A stepwise likelihood ratio test procedure for rare variant selection in case-control studies.
